title,date,author,body
I western federal term.,1974-11-01 07:34:08,administration@demo.com,Official quickly various size ten third say pay. Mission lose person agency nation. Development week lose.\nEnough hospital thing eye. Do far resource performance.
Other deep window fly full.,1973-01-22 23:06:12,Mark.Guzman@demo.com,Civil move eight product education. Social tough toward chair. Own represent many front type how cold.\nAlong girl create miss. Religious every price parent tonight. Sister similar place sound deal himself. Clear might though require plan threat write.
History concern happy.,2012-03-18 10:53:46,bob@demo.com,Perhaps charge budget far. Before investment career race look fast carry.\nMusic physical work travel over. Suffer decide seek.
Call lay clear.,2022-08-14 19:01:18,Rachel.Singh@demo.com,Herself medical onto. Apply cover travel sign find.\nLong article fall pass country situation his. Low economic happen there system good main. Face machine door cover agency. Page almost area minute fine seem myself.\nToo car then mouth subject. Role friend agree maybe say player under. Sister without skin.\nTwo peace country wind. Wife might through well group.
Street TV race less simple herself.,1976-01-23 18:20:54,Andrew.Shepard@demo.com,Young team safe loss hospital. Include some court bank cold. Western firm eight result middle measure among occur.
Practice yes trial natural.,2007-10-23 00:42:35,Michael.Salazar@demo.com,Theory front source identify. Choice agent his sing. Skill sing goal. Cost majority price live husband.\nBenefit which front include manage.
Money relationship foreign.,1982-06-09 00:41:38,bob@demo.com,Including with positive spring build because.
Will someone later care.,1980-09-22 12:13:22,administration@demo.com,Health carry space out garden work sport leg. Then factor explain. Strategy describe against value fly top sort.
Finally much large sea.,1980-02-21 23:12:32,Megan.Macdonald@demo.com,Capital month program important share whether go. Writer cause space past.\nStop must establish style college go pretty. Laugh big address clear because.\nMajority know city quality. Son indicate education them leader call.\nIdentify eat key once late. Place teacher authority statement. Republican cell here plant be.
Mouth that available sister.,1989-03-07 00:23:20,bob@demo.com,Consumer seek section local blood mother wish why. Ready receive area agree. Culture fire explain probably language.
